"country","continent","year","value","depth","mag_over_dep","iso_alpha"
"Argentina","South America",2022,6.8,220.0,0.030909090909090907,"ARG"
"Brazil","South America",2022,6.5,622.73,0.010437910490902959,"BRA"
"Fiji","Australia",2022,7.0,579.0,0.012089810017271158,"FJI"
"Indonesia","Asia",2022,6.7,28.0,0.2392857142857143,"IDN"
"Mexico","North America",2022,7.199999999999999,23.4715,0.30675500074558504,"MEX"
"Papua New Guinea","Australia",2022,7.6,116.0,0.06551724137931034,"PNG"
"People's Republic of China","Asia",2022,6.6,12.5,0.528,"CHN"
"Peru","South America",2022,6.85,173.0,0.039595375722543354,"PER"
"Philippines","Asia",2022,7.0,33.729,0.2075365412552996,"PHL"
"Solomon Islands","Australia",2022,7.0,14.0,0.5,"SLB"
"Taiwan","Asia",2022,6.7,14.666666666666666,0.45681818181818185,"TWN"
